id,name,address,createdAt,updatedAt
1,广莞线,广州分公司,2015/10/9 1:31,2015/10/9 1:31
2,广深线,广州分公司,2015/10/9 1:31,2015/10/9 1:31
3,深湛线,深圳分公司,2015/10/9 1:31,2015/10/9 1:31
4,广珠线,广州分公司,2015/10/10 1:31,2015/10/10 1:31
5,珠广线,珠海分公司,2015/10/11 1:31,2015/10/11 1:31
6,莞广线,东莞分公司,2015/10/9 1:31,2015/10/9 1:31
7,深广线,深圳分公司,2015/10/9 1:31,2015/10/9 1:31
8,河广线,河源分公司,2015/10/9 1:31,2015/10/9 1:31
9,湛深线,湛江分公司,2015/10/9 1:31,2015/10/9 1:31
10,广潮线,广州分公司,2015/10/9 1:31,2015/10/9 1:31
11,惠广线,惠州分公司,2015/10/10 1:31,2015/10/10 1:31
12,江广线,江门分公司,2015/10/10 1:31,2015/10/10 1:31
13,清广线,清远分公司,2015/10/11 1:31,2015/10/11 1:31
14,广清线,广州分公司,2015/10/12 1:31,2015/10/12 1:31
