BEGIN TRANSACTION;
CREATE TABLE `station` (`id` INTEGER PRIMARY KEY AUTOINCREMENT, `name` VARCHAR(255), `address` VARCHAR(255), `createdAt` DATETIME NOT NULL, `updatedAt` DATETIME NOT NULL, `cityId` INTEGER REFERENCES `city` (`id`) ON DELETE SET NULL ON UPDATE CASCADE);
INSERT INTO `station` VALUES(1,'暨南大学西门','','2015-09-22 17:01:22.945 +00:00','2015-09-22 17:01:22.950 +00:00',1);
INSERT INTO `station` VALUES(2,'广州大学城官洲地铁站','','2015-09-22 17:01:22.954 +00:00','2015-09-22 17:01:22.959 +00:00',1);
INSERT INTO `station` VALUES(3,'深圳大学北门','','2015-09-22 17:01:22.963 +00:00','2015-09-22 17:01:22.967 +00:00',2);
INSERT INTO `station` VALUES(4,'世界之窗','','2015-09-22 17:01:22.970 +00:00','2015-09-22 17:01:22.975 +00:00',2);
CREATE TABLE `start_time` (`id` INTEGER PRIMARY KEY AUTOINCREMENT, `time` TIME, `createdAt` DATETIME NOT NULL, `updatedAt` DATETIME NOT NULL);
INSERT INTO `start_time` VALUES(1,'2014-12-31 16:00:00.000 +00:00','2015-09-22 17:01:22.869 +00:00','2015-09-22 17:01:22.869 +00:00');
INSERT INTO `start_time` VALUES(2,'2014-12-31 16:30:00.000 +00:00','2015-09-22 17:01:22.869 +00:00','2015-09-22 17:01:22.869 +00:00');
INSERT INTO `start_time` VALUES(3,'2014-12-31 17:00:00.000 +00:00','2015-09-22 17:01:22.869 +00:00','2015-09-22 17:01:22.869 +00:00');
INSERT INTO `start_time` VALUES(4,'2014-12-31 17:30:00.000 +00:00','2015-09-22 17:01:22.869 +00:00','2015-09-22 17:01:22.869 +00:00');
INSERT INTO `start_time` VALUES(5,'2014-12-31 18:00:00.000 +00:00','2015-09-22 17:01:22.869 +00:00','2015-09-22 17:01:22.869 +00:00');
INSERT INTO `start_time` VALUES(6,'2014-12-31 18:30:00.000 +00:00','2015-09-22 17:01:22.869 +00:00','2015-09-22 17:01:22.869 +00:00');
INSERT INTO `start_time` VALUES(7,'2014-12-31 19:00:00.000 +00:00','2015-09-22 17:01:22.869 +00:00','2015-09-22 17:01:22.869 +00:00');
INSERT INTO `start_time` VALUES(8,'2014-12-31 19:30:00.000 +00:00','2015-09-22 17:01:22.869 +00:00','2015-09-22 17:01:22.869 +00:00');
INSERT INTO `start_time` VALUES(9,'2014-12-31 20:00:00.000 +00:00','2015-09-22 17:01:22.869 +00:00','2015-09-22 17:01:22.869 +00:00');
INSERT INTO `start_time` VALUES(10,'2014-12-31 20:30:00.000 +00:00','2015-09-22 17:01:22.869 +00:00','2015-09-22 17:01:22.869 +00:00');
INSERT INTO `start_time` VALUES(11,'2014-12-31 21:00:00.000 +00:00','2015-09-22 17:01:22.869 +00:00','2015-09-22 17:01:22.869 +00:00');
INSERT INTO `start_time` VALUES(12,'2014-12-31 21:30:00.000 +00:00','2015-09-22 17:01:22.869 +00:00','2015-09-22 17:01:22.869 +00:00');
INSERT INTO `start_time` VALUES(13,'2014-12-31 22:00:00.000 +00:00','2015-09-22 17:01:22.869 +00:00','2015-09-22 17:01:22.869 +00:00');
INSERT INTO `start_time` VALUES(14,'2014-12-31 22:30:00.000 +00:00','2015-09-22 17:01:22.869 +00:00','2015-09-22 17:01:22.869 +00:00');
INSERT INTO `start_time` VALUES(15,'2014-12-31 23:00:00.000 +00:00','2015-09-22 17:01:22.869 +00:00','2015-09-22 17:01:22.869 +00:00');
INSERT INTO `start_time` VALUES(16,'2014-12-31 23:30:00.000 +00:00','2015-09-22 17:01:22.869 +00:00','2015-09-22 17:01:22.869 +00:00');
INSERT INTO `start_time` VALUES(17,'2015-01-01 00:00:00.000 +00:00','2015-09-22 17:01:22.869 +00:00','2015-09-22 17:01:22.869 +00:00');
INSERT INTO `start_time` VALUES(18,'2015-01-01 00:30:00.000 +00:00','2015-09-22 17:01:22.869 +00:00','2015-09-22 17:01:22.869 +00:00');
INSERT INTO `start_time` VALUES(19,'2015-01-01 01:00:00.000 +00:00','2015-09-22 17:01:22.869 +00:00','2015-09-22 17:01:22.869 +00:00');
INSERT INTO `start_time` VALUES(20,'2015-01-01 01:30:00.000 +00:00','2015-09-22 17:01:22.869 +00:00','2015-09-22 17:01:22.869 +00:00');
INSERT INTO `start_time` VALUES(21,'2015-01-01 02:00:00.000 +00:00','2015-09-22 17:01:22.869 +00:00','2015-09-22 17:01:22.869 +00:00');
INSERT INTO `start_time` VALUES(22,'2015-01-01 02:30:00.000 +00:00','2015-09-22 17:01:22.869 +00:00','2015-09-22 17:01:22.869 +00:00');
INSERT INTO `start_time` VALUES(23,'2015-01-01 03:00:00.000 +00:00','2015-09-22 17:01:22.869 +00:00','2015-09-22 17:01:22.869 +00:00');
INSERT INTO `start_time` VALUES(24,'2015-01-01 03:30:00.000 +00:00','2015-09-22 17:01:22.869 +00:00','2015-09-22 17:01:22.869 +00:00');
INSERT INTO `start_time` VALUES(25,'2015-01-01 04:00:00.000 +00:00','2015-09-22 17:01:22.869 +00:00','2015-09-22 17:01:22.869 +00:00');
INSERT INTO `start_time` VALUES(26,'2015-01-01 04:30:00.000 +00:00','2015-09-22 17:01:22.869 +00:00','2015-09-22 17:01:22.869 +00:00');
INSERT INTO `start_time` VALUES(27,'2015-01-01 05:00:00.000 +00:00','2015-09-22 17:01:22.869 +00:00','2015-09-22 17:01:22.869 +00:00');
INSERT INTO `start_time` VALUES(28,'2015-01-01 05:30:00.000 +00:00','2015-09-22 17:01:22.869 +00:00','2015-09-22 17:01:22.869 +00:00');
INSERT INTO `start_time` VALUES(29,'2015-01-01 06:00:00.000 +00:00','2015-09-22 17:01:22.869 +00:00','2015-09-22 17:01:22.869 +00:00');
INSERT INTO `start_time` VALUES(30,'2015-01-01 06:30:00.000 +00:00','2015-09-22 17:01:22.869 +00:00','2015-09-22 17:01:22.869 +00:00');
INSERT INTO `start_time` VALUES(31,'2015-01-01 07:00:00.000 +00:00','2015-09-22 17:01:22.869 +00:00','2015-09-22 17:01:22.869 +00:00');
INSERT INTO `start_time` VALUES(32,'2015-01-01 07:30:00.000 +00:00','2015-09-22 17:01:22.869 +00:00','2015-09-22 17:01:22.869 +00:00');
INSERT INTO `start_time` VALUES(33,'2015-01-01 08:00:00.000 +00:00','2015-09-22 17:01:22.869 +00:00','2015-09-22 17:01:22.869 +00:00');
INSERT INTO `start_time` VALUES(34,'2015-01-01 08:30:00.000 +00:00','2015-09-22 17:01:22.869 +00:00','2015-09-22 17:01:22.869 +00:00');
INSERT INTO `start_time` VALUES(35,'2015-01-01 09:00:00.000 +00:00','2015-09-22 17:01:22.869 +00:00','2015-09-22 17:01:22.869 +00:00');
INSERT INTO `start_time` VALUES(36,'2015-01-01 09:30:00.000 +00:00','2015-09-22 17:01:22.869 +00:00','2015-09-22 17:01:22.869 +00:00');
INSERT INTO `start_time` VALUES(37,'2015-01-01 10:00:00.000 +00:00','2015-09-22 17:01:22.869 +00:00','2015-09-22 17:01:22.869 +00:00');
INSERT INTO `start_time` VALUES(38,'2015-01-01 10:30:00.000 +00:00','2015-09-22 17:01:22.869 +00:00','2015-09-22 17:01:22.869 +00:00');
INSERT INTO `start_time` VALUES(39,'2015-01-01 11:00:00.000 +00:00','2015-09-22 17:01:22.869 +00:00','2015-09-22 17:01:22.869 +00:00');
INSERT INTO `start_time` VALUES(40,'2015-01-01 11:30:00.000 +00:00','2015-09-22 17:01:22.869 +00:00','2015-09-22 17:01:22.869 +00:00');
INSERT INTO `start_time` VALUES(41,'2015-01-01 12:00:00.000 +00:00','2015-09-22 17:01:22.869 +00:00','2015-09-22 17:01:22.869 +00:00');
INSERT INTO `start_time` VALUES(42,'2015-01-01 12:30:00.000 +00:00','2015-09-22 17:01:22.869 +00:00','2015-09-22 17:01:22.869 +00:00');
INSERT INTO `start_time` VALUES(43,'2015-01-01 13:00:00.000 +00:00','2015-09-22 17:01:22.869 +00:00','2015-09-22 17:01:22.869 +00:00');
INSERT INTO `start_time` VALUES(44,'2015-01-01 13:30:00.000 +00:00','2015-09-22 17:01:22.869 +00:00','2015-09-22 17:01:22.869 +00:00');
INSERT INTO `start_time` VALUES(45,'2015-01-01 14:00:00.000 +00:00','2015-09-22 17:01:22.869 +00:00','2015-09-22 17:01:22.869 +00:00');
INSERT INTO `start_time` VALUES(46,'2015-01-01 14:30:00.000 +00:00','2015-09-22 17:01:22.869 +00:00','2015-09-22 17:01:22.869 +00:00');
INSERT INTO `start_time` VALUES(47,'2015-01-01 15:00:00.000 +00:00','2015-09-22 17:01:22.869 +00:00','2015-09-22 17:01:22.869 +00:00');
INSERT INTO `start_time` VALUES(48,'2015-01-01 15:30:00.000 +00:00','2015-09-22 17:01:22.869 +00:00','2015-09-22 17:01:22.869 +00:00');
CREATE TABLE `company` (`id` INTEGER PRIMARY KEY AUTOINCREMENT, `name` VARCHAR(255), `phones` VARCHAR(255), `address` TEXT, `createdAt` DATETIME NOT NULL, `updatedAt` DATETIME NOT NULL);
CREATE TABLE `city` (`id` INTEGER PRIMARY KEY AUTOINCREMENT, `name` VARCHAR(255), `createdAt` DATETIME NOT NULL, `updatedAt` DATETIME NOT NULL);
INSERT INTO `city` VALUES(1,'广州','2015-09-22 17:01:22.849 +00:00','2015-09-22 17:01:22.849 +00:00');
INSERT INTO `city` VALUES(2,'深圳','2015-09-22 17:01:22.849 +00:00','2015-09-22 17:01:22.849 +00:00');
INSERT INTO `city` VALUES(3,'珠海','2015-09-22 17:01:22.849 +00:00','2015-09-22 17:01:22.849 +00:00');
INSERT INTO `city` VALUES(4,'佛山','2015-09-22 17:01:22.849 +00:00','2015-09-22 17:01:22.849 +00:00');
INSERT INTO `city` VALUES(5,'惠州','2015-09-22 17:01:22.849 +00:00','2015-09-22 17:01:22.849 +00:00');
INSERT INTO `city` VALUES(6,'湛江','2015-09-22 17:01:22.849 +00:00','2015-09-22 17:01:22.849 +00:00');
INSERT INTO `city` VALUES(7,'梅州','2015-09-22 17:01:22.849 +00:00','2015-09-22 17:01:22.849 +00:00');
INSERT INTO `city` VALUES(8,'汕头','2015-09-22 17:01:22.849 +00:00','2015-09-22 17:01:22.849 +00:00');
INSERT INTO `city` VALUES(9,'汕尾','2015-09-22 17:01:22.849 +00:00','2015-09-22 17:01:22.849 +00:00');
CREATE TABLE `buslines` (`id` INTEGER PRIMARY KEY AUTOINCREMENT, `name` VARCHAR(255), `description` VARCHAR(255), `price` INTEGER, `paymethod` VARCHAR(255), `createdAt` DATETIME NOT NULL, `updatedAt` DATETIME NOT NULL, `startCityId` INTEGER REFERENCES `city` (`id`) ON DELETE SET NULL ON UPDATE CASCADE, `endCityId` INTEGER REFERENCES `city` (`id`) ON DELETE SET NULL ON UPDATE CASCADE, `companyId` INTEGER REFERENCES `company` (`id`) ON DELETE SET NULL ON UPDATE CASCADE);
INSERT INTO `buslines` VALUES(1,'line one','',40,'','2015-09-22 17:01:22.919 +00:00','2015-09-22 17:01:22.930 +00:00',1,2,'');
CREATE TABLE `busline_stations` (`freezeTableName` true, `createdAt` DATETIME NOT NULL, `updatedAt` DATETIME NOT NULL, `stationId` INTEGER NOT NULL REFERENCES `station` (`id`) ON DELETE CASCADE ON UPDATE CASCADE, `buslineId` INTEGER NOT NULL REFERENCES `buslines` (`id`) ON DELETE CASCADE ON UPDATE CASCADE, PRIMARY KEY (`stationId`, `buslineId`));
INSERT INTO `busline_stations` VALUES('','2015-09-22 17:01:22.991 +00:00','2015-09-22 17:01:22.991 +00:00',1,1);
INSERT INTO `busline_stations` VALUES('','2015-09-22 17:01:22.991 +00:00','2015-09-22 17:01:22.991 +00:00',2,1);
INSERT INTO `busline_stations` VALUES('','2015-09-22 17:01:22.991 +00:00','2015-09-22 17:01:22.991 +00:00',3,1);
INSERT INTO `busline_stations` VALUES('','2015-09-22 17:01:22.991 +00:00','2015-09-22 17:01:22.991 +00:00',4,1);
CREATE TABLE `busline_starttimes` (`freezeTableName` true, `createdAt` DATETIME NOT NULL, `updatedAt` DATETIME NOT NULL, `startTimeId` INTEGER NOT NULL REFERENCES `start_time` (`id`) ON DELETE CASCADE ON UPDATE CASCADE, `buslineId` INTEGER NOT NULL REFERENCES `buslines` (`id`) ON DELETE CASCADE ON UPDATE CASCADE, PRIMARY KEY (`startTimeId`, `buslineId`));
INSERT INTO `busline_starttimes` VALUES('','2015-09-22 17:01:22.999 +00:00','2015-09-22 17:01:22.999 +00:00',18,1);
INSERT INTO `busline_starttimes` VALUES('','2015-09-22 17:01:22.999 +00:00','2015-09-22 17:01:22.999 +00:00',21,1);
;
;
COMMIT;
