id,time,createdAt,updatedAt
1,0:00:00,2015/10/9 1:31,2015/10/9 1:31
2,0:30:00,2015/10/9 1:31,2015/10/9 1:31
3,1:00:00,2015/10/9 1:31,2015/10/9 1:31
4,1:30:00,2015/10/9 1:31,2015/10/9 1:31
5,2:00:00,2015/10/9 1:31,2015/10/9 1:31
6,2:30:00,2015/10/9 1:31,2015/10/9 1:31
7,3:00:00,2015/10/9 1:31,2015/10/9 1:31
8,3:30:00,2015/10/9 1:31,2015/10/9 1:31
9,4:00:00,2015/10/9 1:31,2015/10/9 1:31
10,4:30:00,2015/10/9 1:31,2015/10/9 1:31
11,5:00:00,2015/10/9 1:31,2015/10/9 1:31
12,5:30:00,2015/10/9 1:31,2015/10/9 1:31
13,6:00:00,2015/10/9 1:31,2015/10/9 1:31
14,6:30:00,2015/10/9 1:31,2015/10/9 1:31
15,7:00:00,2015/10/9 1:31,2015/10/9 1:31
16,7:30:00,2015/10/9 1:31,2015/10/9 1:31
17,8:00:00,2015/10/9 1:31,2015/10/9 1:31
18,8:30:00,2015/10/9 1:31,2015/10/9 1:31
19,9:00:00,2015/10/9 1:31,2015/10/9 1:31
20,9:30:00,2015/10/9 1:31,2015/10/9 1:31
21,10:00:00,2015/10/9 1:31,2015/10/9 1:31
22,10:30:00,2015/10/9 1:31,2015/10/9 1:31
23,11:00:00,2015/10/9 1:31,2015/10/9 1:31
24,11:30:00,2015/10/9 1:31,2015/10/9 1:31
25,12:00:00,2015/10/9 1:31,2015/10/9 1:31
26,12:30:00,2015/10/9 1:31,2015/10/9 1:31
27,13:00:00,2015/10/9 1:31,2015/10/9 1:31
28,13:30:00,2015/10/9 1:31,2015/10/9 1:31
29,14:00:00,2015/10/9 1:31,2015/10/9 1:31
30,14:30:00,2015/10/9 1:31,2015/10/9 1:31
31,15:00:00,2015/10/9 1:31,2015/10/9 1:31
32,15:30:00,2015/10/9 1:31,2015/10/9 1:31
33,16:00:00,2015/10/9 1:31,2015/10/9 1:31
34,16:30:00,2015/10/9 1:31,2015/10/9 1:31
35,17:00:00,2015/10/9 1:31,2015/10/9 1:31
36,17:30:00,2015/10/9 1:31,2015/10/9 1:31
37,18:00:00,2015/10/9 1:31,2015/10/9 1:31
38,18:30:00,2015/10/9 1:31,2015/10/9 1:31
39,19:00:00,2015/10/9 1:31,2015/10/9 1:31
40,19:30:00,2015/10/9 1:31,2015/10/9 1:31
41,20:00:00,2015/10/9 1:31,2015/10/9 1:31
42,20:30:00,2015/10/9 1:31,2015/10/9 1:31
43,21:00:00,2015/10/9 1:31,2015/10/9 1:31
44,21:30:00,2015/10/9 1:31,2015/10/9 1:31
45,22:00:00,2015/10/9 1:31,2015/10/9 1:31
46,22:30:00,2015/10/9 1:31,2015/10/9 1:31
47,23:00:00,2015/10/9 1:31,2015/10/9 1:31
48,23:30:00,2015/10/9 1:31,2015/10/9 1:31
